<?xml version="1.0" encoding="utf-8"?>
<dleplugin>
	<name>Film Reader</name>
	<description>Sitenize kolayca film bilgilerini çekerek içerik ekleyebilirsiniz</description>
	<icon>engine/skins/images/mwsfilm.gif</icon>
	<version>1.8.3</version>
	<dleversion>13.0</dleversion>
	<versioncompare>greater</versioncompare>
	<mysqlinstall><![CDATA[]]></mysqlinstall>
	<mysqlupgrade><![CDATA[]]></mysqlupgrade>
	<mysqlenable><![CDATA[INSERT INTO {prefix}_admin_sections (name, icon, title, descr, allow_groups) VALUES ('mws-film', 'engine/skins/images/mwsfilm.gif', 'MWS Film Reader v1.8', 'Sitenize kolayca film bilgilerini çekerek içerik ekleyebilirsiniz', '1')]]></mysqlenable>
	<mysqldisable><![CDATA[DELETE FROM {prefix}_admin_sections WHERE name = 'mws-film';]]></mysqldisable>
	<mysqldelete><![CDATA[DELETE FROM {prefix}_admin_sections WHERE name = 'mws-film';]]></mysqldelete>
	<file name="engine/inc/addnews.php">
		<operation action="before">
			<searchcode><![CDATA[							 <div class="form-group">
							  <label class="control-label col-sm-2">{$lang['addnews_date']}</label>]]></searchcode>
			<replacecode><![CDATA[<!-- Film Reader -->
							{$film_reader_inc_addnews}
							<!-- Film Reader -->
							]]></replacecode>
		</operation>
		<operation action="after">
			<searchcode><![CDATA[echo $categoryfilter;]]></searchcode>
			<replacecode><![CDATA[// Film Reader
	require_once ENGINE_DIR . '/modules/mws-film/tags.php';
// Film Reader]]></replacecode>
		</operation>
	</file>
	<file name="engine/inc/editnews.php">
		<operation action="before">
			<searchcode><![CDATA[							<div class="form-group">
							  <label class="control-label col-sm-2">{$lang['edit_edate']}</label>]]></searchcode>
			<replacecode><![CDATA[<!-- Film Reader -->
	{$film_reader_inc_addnews}
	<!-- Film Reader -->
	]]></replacecode>
		</operation>
		<operation action="after">
			<searchcode><![CDATA[echo $categoryfilter;]]></searchcode>
			<replacecode><![CDATA[// Film Reader
	require_once ENGINE_DIR . '/modules/mws-film/tags.php';
// Film Reader]]></replacecode>
		</operation>
	</file>
	<file name="engine/modules/show.full.php">
		<operation action="after">
			<searchcode><![CDATA[$xfieldsdata = $row['xfields'];]]></searchcode>
			<replacecode><![CDATA[// Film Reader
		$dle_area = "full";
		include ENGINE_DIR . "/modules/mws-film/xfcodes.php";
// Film Reader]]></replacecode>
		</operation>
	</file>
	<file name="engine/modules/show.short.php">
		<operation action="before">
			<searchcode><![CDATA[if( $view_template == "rss" ) {]]></searchcode>
			<replacecode><![CDATA[// Film Reader
		$dle_area = "short";
		include ENGINE_DIR . "/modules/mws-film/xfcodes.php";
// Film Reader]]></replacecode>
		</operation>
	</file>
	<file name="engine/modules/show.custom.php">
		<operation action="after">
			<searchcode><![CDATA[$xfieldsdata = xfieldsdataload( $row['xfields'] );]]></searchcode>
			<replacecode><![CDATA[// Film Reader
	$dle_area = "custom";
	include ENGINE_DIR . "/modules/mws-film/xfcodes.php";
// Film Reader]]></replacecode>
		</operation>
	</file>
	<file name="engine/modules/addnews.php">
		<operation action="before">
			<searchcode><![CDATA[$xfieldsaction = "categoryfilter";]]></searchcode>
			<replacecode><![CDATA[// Film Reader
		require_once ENGINE_DIR . '/modules/mws-film/tags.php';
		$tpl->set( '{filmreader}', $add_tag );
// Film Reader]]></replacecode>
		</operation>
	</file>
</dleplugin>